{"cameraMode":{"drawMode":0,"name":"Shaded","section":"Shading Mode"},"sceneLighting":false,"audioPlay":false,"sceneViewState":{"m_AlwaysRefresh":false,"showFog":true,"showSkybox":false,"showFlares":true,"showImageEffects":true,"showParticleSystems":true,"showVisualEffectGraphs":true,"m_FxEnabled":true},"in2DMode":false,"pivot":{"x":-0.03352513909339905,"y":0.042991191148757938,"z":2.2351741790771486e-8},"rotation":{"x":0.2776600122451782,"y":-0.015850087627768518,"z":0.004582686349749565,"w":0.9605321884155273},"size":0.43180108070373537,"orthographic":true}